"","Mean","Median","Mode","ESS","HDImass","HDIlow","HDIhigh","CompVal","PcntGtCompVal","ROPElow","ROPEhigh","PcntLtROPE","PcntInROPE","PcntGtROPE"
"theta[1]",0.667445517816782,0.677252382999536,0.718756134003893,49159.2,0.95,0.411453615890467,0.905446786373116,NA,NA,NA,NA,NA,NA,NA
"theta[2]",0.364201535572179,0.355286809059354,0.324070633420635,48810.4,0.95,0.10918137152137,0.635197055746278,NA,NA,NA,NA,NA,NA,NA
"theta[1]-theta[2]",0.303243982244603,0.31192119588073,0.324986036550166,50000,0.95,-0.0767629234010754,0.662393938592336,0,93.542,NA,NA,NA,NA,NA
